{"cameraMode":{"drawMode":0,"name":"Shaded","section":"Shading Mode"},"sceneLighting":true,"audioPlay":false,"sceneViewState":{"showFog":false,"showMaterialUpdate":false,"showSkybox":false,"showFlares":false,"showImageEffects":false,"showParticleSystems":false},"in2DMode":false,"pivot":{"x":5.397665500640869,"y":0.8226165771484375,"z":0.14161300659179688},"rotation":{"x":-0.04528229683637619,"y":0.023071827366948129,"z":-0.001045570825226605,"w":-0.998710572719574},"size":24.75910186767578,"orthographic":false}