{"cameraMode":{"drawMode":0,"name":"Shaded","section":"Shading Mode"},"sceneLighting":true,"audioPlay":false,"sceneViewState":{"showFog":false,"showMaterialUpdate":false,"showSkybox":false,"showFlares":false,"showImageEffects":false,"showParticleSystems":false},"in2DMode":false,"pivot":{"x":-0.1128767728805542,"y":-0.07257688045501709,"z":-0.02163410186767578},"rotation":{"x":-0.11380812525749207,"y":0.0661139041185379,"z":-0.007590510882437229,"w":-0.9912717342376709},"size":6.893748760223389,"orthographic":false}