{"cameraMode":{"drawMode":0,"name":"Shaded","section":"Shading Mode"},"sceneLighting":true,"audioPlay":false,"sceneViewState":{"showFog":false,"showMaterialUpdate":false,"showSkybox":false,"showFlares":false,"showImageEffects":false,"showParticleSystems":false},"in2DMode":false,"pivot":{"x":4.079217433929443,"y":-8.509661674499512,"z":12.206794738769532},"rotation":{"x":-0.18223057687282563,"y":0.02418343536555767,"z":-0.004482689779251814,"w":-0.9829519391059876},"size":40.7708740234375,"orthographic":false}